username,email,post_title,post_content
user_0,user0@example.com,Post Title 0,This is a long content for post number 0.
user_1,user1@example.com,Post Title 1,This is a long content for post number 1.
user_2,user2@example.com,Post Title 2,This is a long content for post number 2.
user_3,user3@example.com,Post Title 3,This is a long content for post number 3.
user_4,user4@example.com,Post Title 4,This is a long content for post number 4.
user_5,user5@example.com,Post Title 5,This is a long content for post number 5.
user_6,user6@example.com,Post Title 6,This is a long content for post number 6.
user_7,user7@example.com,Post Title 7,This is a long content for post number 7.
user_8,user8@example.com,Post Title 8,This is a long content for post number 8.
user_9,user9@example.com,Post Title 9,This is a long content for post number 9.
user_10,user10@example.com,Post Title 10,This is a long content for post number 10.
user_11,user11@example.com,Post Title 11,This is a long content for post number 11.
user_12,user12@example.com,Post Title 12,This is a long content for post number 12.
user_13,user13@example.com,Post Title 13,This is a long content for post number 13.
user_14,user14@example.com,Post Title 14,This is a long content for post number 14.
user_15,user15@example.com,Post Title 15,This is a long content for post number 15.
user_16,user16@example.com,Post Title 16,This is a long content for post number 16.
user_17,user17@example.com,Post Title 17,This is a long content for post number 17.
user_18,user18@example.com,Post Title 18,This is a long content for post number 18.
user_19,user19@example.com,Post Title 19,This is a long content for post number 19.
user_20,user20@example.com,Post Title 20,This is a long content for post number 20.
user_21,user21@example.com,Post Title 21,This is a long content for post number 21.
user_22,user22@example.com,Post Title 22,This is a long content for post number 22.
user_23,user23@example.com,Post Title 23,This is a long content for post number 23.
user_24,user24@example.com,Post Title 24,This is a long content for post number 24.
user_25,user25@example.com,Post Title 25,This is a long content for post number 25.
user_26,user26@example.com,Post Title 26,This is a long content for post number 26.
user_27,user27@example.com,Post Title 27,This is a long content for post number 27.
user_28,user28@example.com,Post Title 28,This is a long content for post number 28.
user_29,user29@example.com,Post Title 29,This is a long content for post number 29.
user_30,user30@example.com,Post Title 30,This is a long content for post number 30.
user_31,user31@example.com,Post Title 31,This is a long content for post number 31.
user_32,user32@example.com,Post Title 32,This is a long content for post number 32.
user_33,user33@example.com,Post Title 33,This is a long content for post number 33.
user_34,user34@example.com,Post Title 34,This is a long content for post number 34.
user_35,user35@example.com,Post Title 35,This is a long content for post number 35.
user_36,user36@example.com,Post Title 36,This is a long content for post number 36.
user_37,user37@example.com,Post Title 37,This is a long content for post number 37.
user_38,user38@example.com,Post Title 38,This is a long content for post number 38.
user_39,user39@example.com,Post Title 39,This is a long content for post number 39.
user_40,user40@example.com,Post Title 40,This is a long content for post number 40.
user_41,user41@example.com,Post Title 41,This is a long content for post number 41.
user_42,user42@example.com,Post Title 42,This is a long content for post number 42.
user_43,user43@example.com,Post Title 43,This is a long content for post number 43.
user_44,user44@example.com,Post Title 44,This is a long content for post number 44.
user_45,user45@example.com,Post Title 45,This is a long content for post number 45.
user_46,user46@example.com,Post Title 46,This is a long content for post number 46.
user_47,user47@example.com,Post Title 47,This is a long content for post number 47.
user_48,user48@example.com,Post Title 48,This is a long content for post number 48.
user_49,user49@example.com,Post Title 49,This is a long content for post number 49.
user_50,user50@example.com,Post Title 50,This is a long content for post number 50.
user_51,user51@example.com,Post Title 51,This is a long content for post number 51.
user_52,user52@example.com,Post Title 52,This is a long content for post number 52.
user_53,user53@example.com,Post Title 53,This is a long content for post number 53.
user_54,user54@example.com,Post Title 54,This is a long content for post number 54.
user_55,user55@example.com,Post Title 55,This is a long content for post number 55.
user_56,user56@example.com,Post Title 56,This is a long content for post number 56.
user_57,user57@example.com,Post Title 57,This is a long content for post number 57.
user_58,user58@example.com,Post Title 58,This is a long content for post number 58.
user_59,user59@example.com,Post Title 59,This is a long content for post number 59.
user_60,user60@example.com,Post Title 60,This is a long content for post number 60.
user_61,user61@example.com,Post Title 61,This is a long content for post number 61.
user_62,user62@example.com,Post Title 62,This is a long content for post number 62.
user_63,user63@example.com,Post Title 63,This is a long content for post number 63.
user_64,user64@example.com,Post Title 64,This is a long content for post number 64.
user_65,user65@example.com,Post Title 65,This is a long content for post number 65.
user_66,user66@example.com,Post Title 66,This is a long content for post number 66.
user_67,user67@example.com,Post Title 67,This is a long content for post number 67.
user_68,user68@example.com,Post Title 68,This is a long content for post number 68.
user_69,user69@example.com,Post Title 69,This is a long content for post number 69.
user_70,user70@example.com,Post Title 70,This is a long content for post number 70.
user_71,user71@example.com,Post Title 71,This is a long content for post number 71.
user_72,user72@example.com,Post Title 72,This is a long content for post number 72.
user_73,user73@example.com,Post Title 73,This is a long content for post number 73.
user_74,user74@example.com,Post Title 74,This is a long content for post number 74.
user_75,user75@example.com,Post Title 75,This is a long content for post number 75.
user_76,user76@example.com,Post Title 76,This is a long content for post number 76.
user_77,user77@example.com,Post Title 77,This is a long content for post number 77.
user_78,user78@example.com,Post Title 78,This is a long content for post number 78.
user_79,user79@example.com,Post Title 79,This is a long content for post number 79.
user_80,user80@example.com,Post Title 80,This is a long content for post number 80.
user_81,user81@example.com,Post Title 81,This is a long content for post number 81.
user_82,user82@example.com,Post Title 82,This is a long content for post number 82.
user_83,user83@example.com,Post Title 83,This is a long content for post number 83.
user_84,user84@example.com,Post Title 84,This is a long content for post number 84.
user_85,user85@example.com,Post Title 85,This is a long content for post number 85.
user_86,user86@example.com,Post Title 86,This is a long content for post number 86.
user_87,user87@example.com,Post Title 87,This is a long content for post number 87.
user_88,user88@example.com,Post Title 88,This is a long content for post number 88.
user_89,user89@example.com,Post Title 89,This is a long content for post number 89.
user_90,user90@example.com,Post Title 90,This is a long content for post number 90.
user_91,user91@example.com,Post Title 91,This is a long content for post number 91.
user_92,user92@example.com,Post Title 92,This is a long content for post number 92.
user_93,user93@example.com,Post Title 93,This is a long content for post number 93.
user_94,user94@example.com,Post Title 94,This is a long content for post number 94.
user_95,user95@example.com,Post Title 95,This is a long content for post number 95.
user_96,user96@example.com,Post Title 96,This is a long content for post number 96.
user_97,user97@example.com,Post Title 97,This is a long content for post number 97.
user_98,user98@example.com,Post Title 98,This is a long content for post number 98.
user_99,user99@example.com,Post Title 99,This is a long content for post number 99.
user_100,user100@example.com,Post Title 100,This is a long content for post number 100.
user_101,user101@example.com,Post Title 101,This is a long content for post number 101.
user_102,user102@example.com,Post Title 102,This is a long content for post number 102.
user_103,user103@example.com,Post Title 103,This is a long content for post number 103.
user_104,user104@example.com,Post Title 104,This is a long content for post number 104.
user_105,user105@example.com,Post Title 105,This is a long content for post number 105.
user_106,user106@example.com,Post Title 106,This is a long content for post number 106.
user_107,user107@example.com,Post Title 107,This is a long content for post number 107.
user_108,user108@example.com,Post Title 108,This is a long content for post number 108.
user_109,user109@example.com,Post Title 109,This is a long content for post number 109.
user_110,user110@example.com,Post Title 110,This is a long content for post number 110.
user_111,user111@example.com,Post Title 111,This is a long content for post number 111.
user_112,user112@example.com,Post Title 112,This is a long content for post number 112.
user_113,user113@example.com,Post Title 113,This is a long content for post number 113.
user_114,user114@example.com,Post Title 114,This is a long content for post number 114.
user_115,user115@example.com,Post Title 115,This is a long content for post number 115.
user_116,user116@example.com,Post Title 116,This is a long content for post number 116.
user_117,user117@example.com,Post Title 117,This is a long content for post number 117.
user_118,user118@example.com,Post Title 118,This is a long content for post number 118.
user_119,user119@example.com,Post Title 119,This is a long content for post number 119.
user_120,user120@example.com,Post Title 120,This is a long content for post number 120.
user_121,user121@example.com,Post Title 121,This is a long content for post number 121.
user_122,user122@example.com,Post Title 122,This is a long content for post number 122.
user_123,user123@example.com,Post Title 123,This is a long content for post number 123.
user_124,user124@example.com,Post Title 124,This is a long content for post number 124.
user_125,user125@example.com,Post Title 125,This is a long content for post number 125.
user_126,user126@example.com,Post Title 126,This is a long content for post number 126.
user_127,user127@example.com,Post Title 127,This is a long content for post number 127.
user_128,user128@example.com,Post Title 128,This is a long content for post number 128.
user_129,user129@example.com,Post Title 129,This is a long content for post number 129.
user_130,user130@example.com,Post Title 130,This is a long content for post number 130.
user_131,user131@example.com,Post Title 131,This is a long content for post number 131.
user_132,user132@example.com,Post Title 132,This is a long content for post number 132.
user_133,user133@example.com,Post Title 133,This is a long content for post number 133.
user_134,user134@example.com,Post Title 134,This is a long content for post number 134.
user_135,user135@example.com,Post Title 135,This is a long content for post number 135.
user_136,user136@example.com,Post Title 136,This is a long content for post number 136.
user_137,user137@example.com,Post Title 137,This is a long content for post number 137.
user_138,user138@example.com,Post Title 138,This is a long content for post number 138.
user_139,user139@example.com,Post Title 139,This is a long content for post number 139.
user_140,user140@example.com,Post Title 140,This is a long content for post number 140.
user_141,user141@example.com,Post Title 141,This is a long content for post number 141.
user_142,user142@example.com,Post Title 142,This is a long content for post number 142.
user_143,user143@example.com,Post Title 143,This is a long content for post number 143.
user_144,user144@example.com,Post Title 144,This is a long content for post number 144.
user_145,user145@example.com,Post Title 145,This is a long content for post number 145.
user_146,user146@example.com,Post Title 146,This is a long content for post number 146.
user_147,user147@example.com,Post Title 147,This is a long content for post number 147.
user_148,user148@example.com,Post Title 148,This is a long content for post number 148.
user_149,user149@example.com,Post Title 149,This is a long content for post number 149.
user_150,user150@example.com,Post Title 150,This is a long content for post number 150.
user_151,user151@example.com,Post Title 151,This is a long content for post number 151.
user_152,user152@example.com,Post Title 152,This is a long content for post number 152.
user_153,user153@example.com,Post Title 153,This is a long content for post number 153.
user_154,user154@example.com,Post Title 154,This is a long content for post number 154.
user_155,user155@example.com,Post Title 155,This is a long content for post number 155.
user_156,user156@example.com,Post Title 156,This is a long content for post number 156.
user_157,user157@example.com,Post Title 157,This is a long content for post number 157.
user_158,user158@example.com,Post Title 158,This is a long content for post number 158.
user_159,user159@example.com,Post Title 159,This is a long content for post number 159.
user_160,user160@example.com,Post Title 160,This is a long content for post number 160.
user_161,user161@example.com,Post Title 161,This is a long content for post number 161.
user_162,user162@example.com,Post Title 162,This is a long content for post number 162.
user_163,user163@example.com,Post Title 163,This is a long content for post number 163.
user_164,user164@example.com,Post Title 164,This is a long content for post number 164.
user_165,user165@example.com,Post Title 165,This is a long content for post number 165.
user_166,user166@example.com,Post Title 166,This is a long content for post number 166.
user_167,user167@example.com,Post Title 167,This is a long content for post number 167.
user_168,user168@example.com,Post Title 168,This is a long content for post number 168.
user_169,user169@example.com,Post Title 169,This is a long content for post number 169.
user_170,user170@example.com,Post Title 170,This is a long content for post number 170.
user_171,user171@example.com,Post Title 171,This is a long content for post number 171.
user_172,user172@example.com,Post Title 172,This is a long content for post number 172.
user_173,user173@example.com,Post Title 173,This is a long content for post number 173.
user_174,user174@example.com,Post Title 174,This is a long content for post number 174.
user_175,user175@example.com,Post Title 175,This is a long content for post number 175.
user_176,user176@example.com,Post Title 176,This is a long content for post number 176.
user_177,user177@example.com,Post Title 177,This is a long content for post number 177.
user_178,user178@example.com,Post Title 178,This is a long content for post number 178.
user_179,user179@example.com,Post Title 179,This is a long content for post number 179.
user_180,user180@example.com,Post Title 180,This is a long content for post number 180.
user_181,user181@example.com,Post Title 181,This is a long content for post number 181.
user_182,user182@example.com,Post Title 182,This is a long content for post number 182.
user_183,user183@example.com,Post Title 183,This is a long content for post number 183.
user_184,user184@example.com,Post Title 184,This is a long content for post number 184.
user_185,user185@example.com,Post Title 185,This is a long content for post number 185.
user_186,user186@example.com,Post Title 186,This is a long content for post number 186.
user_187,user187@example.com,Post Title 187,This is a long content for post number 187.
user_188,user188@example.com,Post Title 188,This is a long content for post number 188.
user_189,user189@example.com,Post Title 189,This is a long content for post number 189.
user_190,user190@example.com,Post Title 190,This is a long content for post number 190.
user_191,user191@example.com,Post Title 191,This is a long content for post number 191.
user_192,user192@example.com,Post Title 192,This is a long content for post number 192.
user_193,user193@example.com,Post Title 193,This is a long content for post number 193.
user_194,user194@example.com,Post Title 194,This is a long content for post number 194.
user_195,user195@example.com,Post Title 195,This is a long content for post number 195.
user_196,user196@example.com,Post Title 196,This is a long content for post number 196.
user_197,user197@example.com,Post Title 197,This is a long content for post number 197.
user_198,user198@example.com,Post Title 198,This is a long content for post number 198.
user_199,user199@example.com,Post Title 199,This is a long content for post number 199.
user_200,user200@example.com,Post Title 200,This is a long content for post number 200.
user_201,user201@example.com,Post Title 201,This is a long content for post number 201.
user_202,user202@example.com,Post Title 202,This is a long content for post number 202.
user_203,user203@example.com,Post Title 203,This is a long content for post number 203.
user_204,user204@example.com,Post Title 204,This is a long content for post number 204.
user_205,user205@example.com,Post Title 205,This is a long content for post number 205.
user_206,user206@example.com,Post Title 206,This is a long content for post number 206.
user_207,user207@example.com,Post Title 207,This is a long content for post number 207.
user_208,user208@example.com,Post Title 208,This is a long content for post number 208.
user_209,user209@example.com,Post Title 209,This is a long content for post number 209.
user_210,user210@example.com,Post Title 210,This is a long content for post number 210.
user_211,user211@example.com,Post Title 211,This is a long content for post number 211.
user_212,user212@example.com,Post Title 212,This is a long content for post number 212.
user_213,user213@example.com,Post Title 213,This is a long content for post number 213.
user_214,user214@example.com,Post Title 214,This is a long content for post number 214.
user_215,user215@example.com,Post Title 215,This is a long content for post number 215.
user_216,user216@example.com,Post Title 216,This is a long content for post number 216.
user_217,user217@example.com,Post Title 217,This is a long content for post number 217.
user_218,user218@example.com,Post Title 218,This is a long content for post number 218.
user_219,user219@example.com,Post Title 219,This is a long content for post number 219.
user_220,user220@example.com,Post Title 220,This is a long content for post number 220.
user_221,user221@example.com,Post Title 221,This is a long content for post number 221.
user_222,user222@example.com,Post Title 222,This is a long content for post number 222.
user_223,user223@example.com,Post Title 223,This is a long content for post number 223.
user_224,user224@example.com,Post Title 224,This is a long content for post number 224.
user_225,user225@example.com,Post Title 225,This is a long content for post number 225.
user_226,user226@example.com,Post Title 226,This is a long content for post number 226.
user_227,user227@example.com,Post Title 227,This is a long content for post number 227.
user_228,user228@example.com,Post Title 228,This is a long content for post number 228.
user_229,user229@example.com,Post Title 229,This is a long content for post number 229.
user_230,user230@example.com,Post Title 230,This is a long content for post number 230.
user_231,user231@example.com,Post Title 231,This is a long content for post number 231.
user_232,user232@example.com,Post Title 232,This is a long content for post number 232.
user_233,user233@example.com,Post Title 233,This is a long content for post number 233.
user_234,user234@example.com,Post Title 234,This is a long content for post number 234.
user_235,user235@example.com,Post Title 235,This is a long content for post number 235.
user_236,user236@example.com,Post Title 236,This is a long content for post number 236.
user_237,user237@example.com,Post Title 237,This is a long content for post number 237.
user_238,user238@example.com,Post Title 238,This is a long content for post number 238.
user_239,user239@example.com,Post Title 239,This is a long content for post number 239.
user_240,user240@example.com,Post Title 240,This is a long content for post number 240.
user_241,user241@example.com,Post Title 241,This is a long content for post number 241.
user_242,user242@example.com,Post Title 242,This is a long content for post number 242.
user_243,user243@example.com,Post Title 243,This is a long content for post number 243.
user_244,user244@example.com,Post Title 244,This is a long content for post number 244.
user_245,user245@example.com,Post Title 245,This is a long content for post number 245.
user_246,user246@example.com,Post Title 246,This is a long content for post number 246.
user_247,user247@example.com,Post Title 247,This is a long content for post number 247.
user_248,user248@example.com,Post Title 248,This is a long content for post number 248.
user_249,user249@example.com,Post Title 249,This is a long content for post number 249.
user_250,user250@example.com,Post Title 250,This is a long content for post number 250.
user_251,user251@example.com,Post Title 251,This is a long content for post number 251.
user_252,user252@example.com,Post Title 252,This is a long content for post number 252.
user_253,user253@example.com,Post Title 253,This is a long content for post number 253.
user_254,user254@example.com,Post Title 254,This is a long content for post number 254.
user_255,user255@example.com,Post Title 255,This is a long content for post number 255.
user_256,user256@example.com,Post Title 256,This is a long content for post number 256.
user_257,user257@example.com,Post Title 257,This is a long content for post number 257.
user_258,user258@example.com,Post Title 258,This is a long content for post number 258.
user_259,user259@example.com,Post Title 259,This is a long content for post number 259.
user_260,user260@example.com,Post Title 260,This is a long content for post number 260.
user_261,user261@example.com,Post Title 261,This is a long content for post number 261.
user_262,user262@example.com,Post Title 262,This is a long content for post number 262.
user_263,user263@example.com,Post Title 263,This is a long content for post number 263.
user_264,user264@example.com,Post Title 264,This is a long content for post number 264.
user_265,user265@example.com,Post Title 265,This is a long content for post number 265.
user_266,user266@example.com,Post Title 266,This is a long content for post number 266.
user_267,user267@example.com,Post Title 267,This is a long content for post number 267.
user_268,user268@example.com,Post Title 268,This is a long content for post number 268.
user_269,user269@example.com,Post Title 269,This is a long content for post number 269.
user_270,user270@example.com,Post Title 270,This is a long content for post number 270.
user_271,user271@example.com,Post Title 271,This is a long content for post number 271.
user_272,user272@example.com,Post Title 272,This is a long content for post number 272.
user_273,user273@example.com,Post Title 273,This is a long content for post number 273.
user_274,user274@example.com,Post Title 274,This is a long content for post number 274.
user_275,user275@example.com,Post Title 275,This is a long content for post number 275.
user_276,user276@example.com,Post Title 276,This is a long content for post number 276.
user_277,user277@example.com,Post Title 277,This is a long content for post number 277.
user_278,user278@example.com,Post Title 278,This is a long content for post number 278.
user_279,user279@example.com,Post Title 279,This is a long content for post number 279.
user_280,user280@example.com,Post Title 280,This is a long content for post number 280.
user_281,user281@example.com,Post Title 281,This is a long content for post number 281.
user_282,user282@example.com,Post Title 282,This is a long content for post number 282.
user_283,user283@example.com,Post Title 283,This is a long content for post number 283.
user_284,user284@example.com,Post Title 284,This is a long content for post number 284.
user_285,user285@example.com,Post Title 285,This is a long content for post number 285.
user_286,user286@example.com,Post Title 286,This is a long content for post number 286.
user_287,user287@example.com,Post Title 287,This is a long content for post number 287.
user_288,user288@example.com,Post Title 288,This is a long content for post number 288.
user_289,user289@example.com,Post Title 289,This is a long content for post number 289.
user_290,user290@example.com,Post Title 290,This is a long content for post number 290.
user_291,user291@example.com,Post Title 291,This is a long content for post number 291.
user_292,user292@example.com,Post Title 292,This is a long content for post number 292.
user_293,user293@example.com,Post Title 293,This is a long content for post number 293.
user_294,user294@example.com,Post Title 294,This is a long content for post number 294.
user_295,user295@example.com,Post Title 295,This is a long content for post number 295.
user_296,user296@example.com,Post Title 296,This is a long content for post number 296.
user_297,user297@example.com,Post Title 297,This is a long content for post number 297.
user_298,user298@example.com,Post Title 298,This is a long content for post number 298.
user_299,user299@example.com,Post Title 299,This is a long content for post number 299.
user_300,user300@example.com,Post Title 300,This is a long content for post number 300.
user_301,user301@example.com,Post Title 301,This is a long content for post number 301.
user_302,user302@example.com,Post Title 302,This is a long content for post number 302.
user_303,user303@example.com,Post Title 303,This is a long content for post number 303.
user_304,user304@example.com,Post Title 304,This is a long content for post number 304.
user_305,user305@example.com,Post Title 305,This is a long content for post number 305.
user_306,user306@example.com,Post Title 306,This is a long content for post number 306.
user_307,user307@example.com,Post Title 307,This is a long content for post number 307.
user_308,user308@example.com,Post Title 308,This is a long content for post number 308.
user_309,user309@example.com,Post Title 309,This is a long content for post number 309.
user_310,user310@example.com,Post Title 310,This is a long content for post number 310.
user_311,user311@example.com,Post Title 311,This is a long content for post number 311.
user_312,user312@example.com,Post Title 312,This is a long content for post number 312.
user_313,user313@example.com,Post Title 313,This is a long content for post number 313.
user_314,user314@example.com,Post Title 314,This is a long content for post number 314.
user_315,user315@example.com,Post Title 315,This is a long content for post number 315.
user_316,user316@example.com,Post Title 316,This is a long content for post number 316.
user_317,user317@example.com,Post Title 317,This is a long content for post number 317.
user_318,user318@example.com,Post Title 318,This is a long content for post number 318.
user_319,user319@example.com,Post Title 319,This is a long content for post number 319.
user_320,user320@example.com,Post Title 320,This is a long content for post number 320.
user_321,user321@example.com,Post Title 321,This is a long content for post number 321.
user_322,user322@example.com,Post Title 322,This is a long content for post number 322.
user_323,user323@example.com,Post Title 323,This is a long content for post number 323.
user_324,user324@example.com,Post Title 324,This is a long content for post number 324.
user_325,user325@example.com,Post Title 325,This is a long content for post number 325.
user_326,user326@example.com,Post Title 326,This is a long content for post number 326.
user_327,user327@example.com,Post Title 327,This is a long content for post number 327.
user_328,user328@example.com,Post Title 328,This is a long content for post number 328.
user_329,user329@example.com,Post Title 329,This is a long content for post number 329.
user_330,user330@example.com,Post Title 330,This is a long content for post number 330.
user_331,user331@example.com,Post Title 331,This is a long content for post number 331.
user_332,user332@example.com,Post Title 332,This is a long content for post number 332.
user_333,user333@example.com,Post Title 333,This is a long content for post number 333.
user_334,user334@example.com,Post Title 334,This is a long content for post number 334.
user_335,user335@example.com,Post Title 335,This is a long content for post number 335.
user_336,user336@example.com,Post Title 336,This is a long content for post number 336.
user_337,user337@example.com,Post Title 337,This is a long content for post number 337.
user_338,user338@example.com,Post Title 338,This is a long content for post number 338.
user_339,user339@example.com,Post Title 339,This is a long content for post number 339.
user_340,user340@example.com,Post Title 340,This is a long content for post number 340.
user_341,user341@example.com,Post Title 341,This is a long content for post number 341.
user_342,user342@example.com,Post Title 342,This is a long content for post number 342.
user_343,user343@example.com,Post Title 343,This is a long content for post number 343.
user_344,user344@example.com,Post Title 344,This is a long content for post number 344.
user_345,user345@example.com,Post Title 345,This is a long content for post number 345.
user_346,user346@example.com,Post Title 346,This is a long content for post number 346.
user_347,user347@example.com,Post Title 347,This is a long content for post number 347.
user_348,user348@example.com,Post Title 348,This is a long content for post number 348.
user_349,user349@example.com,Post Title 349,This is a long content for post number 349.
user_350,user350@example.com,Post Title 350,This is a long content for post number 350.
user_351,user351@example.com,Post Title 351,This is a long content for post number 351.
user_352,user352@example.com,Post Title 352,This is a long content for post number 352.
user_353,user353@example.com,Post Title 353,This is a long content for post number 353.
user_354,user354@example.com,Post Title 354,This is a long content for post number 354.
user_355,user355@example.com,Post Title 355,This is a long content for post number 355.
user_356,user356@example.com,Post Title 356,This is a long content for post number 356.
user_357,user357@example.com,Post Title 357,This is a long content for post number 357.
user_358,user358@example.com,Post Title 358,This is a long content for post number 358.
user_359,user359@example.com,Post Title 359,This is a long content for post number 359.
user_360,user360@example.com,Post Title 360,This is a long content for post number 360.
user_361,user361@example.com,Post Title 361,This is a long content for post number 361.
user_362,user362@example.com,Post Title 362,This is a long content for post number 362.
user_363,user363@example.com,Post Title 363,This is a long content for post number 363.
user_364,user364@example.com,Post Title 364,This is a long content for post number 364.
user_365,user365@example.com,Post Title 365,This is a long content for post number 365.
user_366,user366@example.com,Post Title 366,This is a long content for post number 366.
user_367,user367@example.com,Post Title 367,This is a long content for post number 367.
user_368,user368@example.com,Post Title 368,This is a long content for post number 368.
user_369,user369@example.com,Post Title 369,This is a long content for post number 369.
user_370,user370@example.com,Post Title 370,This is a long content for post number 370.
user_371,user371@example.com,Post Title 371,This is a long content for post number 371.
user_372,user372@example.com,Post Title 372,This is a long content for post number 372.
user_373,user373@example.com,Post Title 373,This is a long content for post number 373.
user_374,user374@example.com,Post Title 374,This is a long content for post number 374.
user_375,user375@example.com,Post Title 375,This is a long content for post number 375.
user_376,user376@example.com,Post Title 376,This is a long content for post number 376.
user_377,user377@example.com,Post Title 377,This is a long content for post number 377.
user_378,user378@example.com,Post Title 378,This is a long content for post number 378.
user_379,user379@example.com,Post Title 379,This is a long content for post number 379.
user_380,user380@example.com,Post Title 380,This is a long content for post number 380.
user_381,user381@example.com,Post Title 381,This is a long content for post number 381.
user_382,user382@example.com,Post Title 382,This is a long content for post number 382.
user_383,user383@example.com,Post Title 383,This is a long content for post number 383.
user_384,user384@example.com,Post Title 384,This is a long content for post number 384.
user_385,user385@example.com,Post Title 385,This is a long content for post number 385.
user_386,user386@example.com,Post Title 386,This is a long content for post number 386.
user_387,user387@example.com,Post Title 387,This is a long content for post number 387.
user_388,user388@example.com,Post Title 388,This is a long content for post number 388.
user_389,user389@example.com,Post Title 389,This is a long content for post number 389.
user_390,user390@example.com,Post Title 390,This is a long content for post number 390.
user_391,user391@example.com,Post Title 391,This is a long content for post number 391.
user_392,user392@example.com,Post Title 392,This is a long content for post number 392.
user_393,user393@example.com,Post Title 393,This is a long content for post number 393.
user_394,user394@example.com,Post Title 394,This is a long content for post number 394.
user_395,user395@example.com,Post Title 395,This is a long content for post number 395.
user_396,user396@example.com,Post Title 396,This is a long content for post number 396.
user_397,user397@example.com,Post Title 397,This is a long content for post number 397.
user_398,user398@example.com,Post Title 398,This is a long content for post number 398.
user_399,user399@example.com,Post Title 399,This is a long content for post number 399.
user_400,user400@example.com,Post Title 400,This is a long content for post number 400.
user_401,user401@example.com,Post Title 401,This is a long content for post number 401.
user_402,user402@example.com,Post Title 402,This is a long content for post number 402.
user_403,user403@example.com,Post Title 403,This is a long content for post number 403.
user_404,user404@example.com,Post Title 404,This is a long content for post number 404.
user_405,user405@example.com,Post Title 405,This is a long content for post number 405.
user_406,user406@example.com,Post Title 406,This is a long content for post number 406.
user_407,user407@example.com,Post Title 407,This is a long content for post number 407.
user_408,user408@example.com,Post Title 408,This is a long content for post number 408.
user_409,user409@example.com,Post Title 409,This is a long content for post number 409.
user_410,user410@example.com,Post Title 410,This is a long content for post number 410.
user_411,user411@example.com,Post Title 411,This is a long content for post number 411.
user_412,user412@example.com,Post Title 412,This is a long content for post number 412.
user_413,user413@example.com,Post Title 413,This is a long content for post number 413.
user_414,user414@example.com,Post Title 414,This is a long content for post number 414.
user_415,user415@example.com,Post Title 415,This is a long content for post number 415.
user_416,user416@example.com,Post Title 416,This is a long content for post number 416.
user_417,user417@example.com,Post Title 417,This is a long content for post number 417.
user_418,user418@example.com,Post Title 418,This is a long content for post number 418.
user_419,user419@example.com,Post Title 419,This is a long content for post number 419.
user_420,user420@example.com,Post Title 420,This is a long content for post number 420.
user_421,user421@example.com,Post Title 421,This is a long content for post number 421.
user_422,user422@example.com,Post Title 422,This is a long content for post number 422.
user_423,user423@example.com,Post Title 423,This is a long content for post number 423.
user_424,user424@example.com,Post Title 424,This is a long content for post number 424.
user_425,user425@example.com,Post Title 425,This is a long content for post number 425.
user_426,user426@example.com,Post Title 426,This is a long content for post number 426.
user_427,user427@example.com,Post Title 427,This is a long content for post number 427.
user_428,user428@example.com,Post Title 428,This is a long content for post number 428.
user_429,user429@example.com,Post Title 429,This is a long content for post number 429.
user_430,user430@example.com,Post Title 430,This is a long content for post number 430.
user_431,user431@example.com,Post Title 431,This is a long content for post number 431.
user_432,user432@example.com,Post Title 432,This is a long content for post number 432.
user_433,user433@example.com,Post Title 433,This is a long content for post number 433.
user_434,user434@example.com,Post Title 434,This is a long content for post number 434.
user_435,user435@example.com,Post Title 435,This is a long content for post number 435.
user_436,user436@example.com,Post Title 436,This is a long content for post number 436.
user_437,user437@example.com,Post Title 437,This is a long content for post number 437.
user_438,user438@example.com,Post Title 438,This is a long content for post number 438.
user_439,user439@example.com,Post Title 439,This is a long content for post number 439.
user_440,user440@example.com,Post Title 440,This is a long content for post number 440.
user_441,user441@example.com,Post Title 441,This is a long content for post number 441.
user_442,user442@example.com,Post Title 442,This is a long content for post number 442.
user_443,user443@example.com,Post Title 443,This is a long content for post number 443.
user_444,user444@example.com,Post Title 444,This is a long content for post number 444.
user_445,user445@example.com,Post Title 445,This is a long content for post number 445.
user_446,user446@example.com,Post Title 446,This is a long content for post number 446.
user_447,user447@example.com,Post Title 447,This is a long content for post number 447.
user_448,user448@example.com,Post Title 448,This is a long content for post number 448.
user_449,user449@example.com,Post Title 449,This is a long content for post number 449.
user_450,user450@example.com,Post Title 450,This is a long content for post number 450.
user_451,user451@example.com,Post Title 451,This is a long content for post number 451.
user_452,user452@example.com,Post Title 452,This is a long content for post number 452.
user_453,user453@example.com,Post Title 453,This is a long content for post number 453.
user_454,user454@example.com,Post Title 454,This is a long content for post number 454.
user_455,user455@example.com,Post Title 455,This is a long content for post number 455.
user_456,user456@example.com,Post Title 456,This is a long content for post number 456.
user_457,user457@example.com,Post Title 457,This is a long content for post number 457.
user_458,user458@example.com,Post Title 458,This is a long content for post number 458.
user_459,user459@example.com,Post Title 459,This is a long content for post number 459.
user_460,user460@example.com,Post Title 460,This is a long content for post number 460.
user_461,user461@example.com,Post Title 461,This is a long content for post number 461.
user_462,user462@example.com,Post Title 462,This is a long content for post number 462.
user_463,user463@example.com,Post Title 463,This is a long content for post number 463.
user_464,user464@example.com,Post Title 464,This is a long content for post number 464.
user_465,user465@example.com,Post Title 465,This is a long content for post number 465.
user_466,user466@example.com,Post Title 466,This is a long content for post number 466.
user_467,user467@example.com,Post Title 467,This is a long content for post number 467.
user_468,user468@example.com,Post Title 468,This is a long content for post number 468.
user_469,user469@example.com,Post Title 469,This is a long content for post number 469.
user_470,user470@example.com,Post Title 470,This is a long content for post number 470.
user_471,user471@example.com,Post Title 471,This is a long content for post number 471.
user_472,user472@example.com,Post Title 472,This is a long content for post number 472.
user_473,user473@example.com,Post Title 473,This is a long content for post number 473.
user_474,user474@example.com,Post Title 474,This is a long content for post number 474.
user_475,user475@example.com,Post Title 475,This is a long content for post number 475.
user_476,user476@example.com,Post Title 476,This is a long content for post number 476.
user_477,user477@example.com,Post Title 477,This is a long content for post number 477.
user_478,user478@example.com,Post Title 478,This is a long content for post number 478.
user_479,user479@example.com,Post Title 479,This is a long content for post number 479.
user_480,user480@example.com,Post Title 480,This is a long content for post number 480.
user_481,user481@example.com,Post Title 481,This is a long content for post number 481.
user_482,user482@example.com,Post Title 482,This is a long content for post number 482.
user_483,user483@example.com,Post Title 483,This is a long content for post number 483.
user_484,user484@example.com,Post Title 484,This is a long content for post number 484.
user_485,user485@example.com,Post Title 485,This is a long content for post number 485.
user_486,user486@example.com,Post Title 486,This is a long content for post number 486.
user_487,user487@example.com,Post Title 487,This is a long content for post number 487.
user_488,user488@example.com,Post Title 488,This is a long content for post number 488.
user_489,user489@example.com,Post Title 489,This is a long content for post number 489.
user_490,user490@example.com,Post Title 490,This is a long content for post number 490.
user_491,user491@example.com,Post Title 491,This is a long content for post number 491.
user_492,user492@example.com,Post Title 492,This is a long content for post number 492.
user_493,user493@example.com,Post Title 493,This is a long content for post number 493.
user_494,user494@example.com,Post Title 494,This is a long content for post number 494.
user_495,user495@example.com,Post Title 495,This is a long content for post number 495.
user_496,user496@example.com,Post Title 496,This is a long content for post number 496.
user_497,user497@example.com,Post Title 497,This is a long content for post number 497.
user_498,user498@example.com,Post Title 498,This is a long content for post number 498.
user_499,user499@example.com,Post Title 499,This is a long content for post number 499.
user_500,user500@example.com,Post Title 500,This is a long content for post number 500.
user_501,user501@example.com,Post Title 501,This is a long content for post number 501.
user_502,user502@example.com,Post Title 502,This is a long content for post number 502.
user_503,user503@example.com,Post Title 503,This is a long content for post number 503.
user_504,user504@example.com,Post Title 504,This is a long content for post number 504.
user_505,user505@example.com,Post Title 505,This is a long content for post number 505.
user_506,user506@example.com,Post Title 506,This is a long content for post number 506.
user_507,user507@example.com,Post Title 507,This is a long content for post number 507.
user_508,user508@example.com,Post Title 508,This is a long content for post number 508.
user_509,user509@example.com,Post Title 509,This is a long content for post number 509.
user_510,user510@example.com,Post Title 510,This is a long content for post number 510.
user_511,user511@example.com,Post Title 511,This is a long content for post number 511.
user_512,user512@example.com,Post Title 512,This is a long content for post number 512.
user_513,user513@example.com,Post Title 513,This is a long content for post number 513.
user_514,user514@example.com,Post Title 514,This is a long content for post number 514.
user_515,user515@example.com,Post Title 515,This is a long content for post number 515.
user_516,user516@example.com,Post Title 516,This is a long content for post number 516.
user_517,user517@example.com,Post Title 517,This is a long content for post number 517.
user_518,user518@example.com,Post Title 518,This is a long content for post number 518.
user_519,user519@example.com,Post Title 519,This is a long content for post number 519.
user_520,user520@example.com,Post Title 520,This is a long content for post number 520.
user_521,user521@example.com,Post Title 521,This is a long content for post number 521.
user_522,user522@example.com,Post Title 522,This is a long content for post number 522.
user_523,user523@example.com,Post Title 523,This is a long content for post number 523.
user_524,user524@example.com,Post Title 524,This is a long content for post number 524.
user_525,user525@example.com,Post Title 525,This is a long content for post number 525.
user_526,user526@example.com,Post Title 526,This is a long content for post number 526.
user_527,user527@example.com,Post Title 527,This is a long content for post number 527.
user_528,user528@example.com,Post Title 528,This is a long content for post number 528.
user_529,user529@example.com,Post Title 529,This is a long content for post number 529.
user_530,user530@example.com,Post Title 530,This is a long content for post number 530.
user_531,user531@example.com,Post Title 531,This is a long content for post number 531.
user_532,user532@example.com,Post Title 532,This is a long content for post number 532.
user_533,user533@example.com,Post Title 533,This is a long content for post number 533.
user_534,user534@example.com,Post Title 534,This is a long content for post number 534.
user_535,user535@example.com,Post Title 535,This is a long content for post number 535.
user_536,user536@example.com,Post Title 536,This is a long content for post number 536.
user_537,user537@example.com,Post Title 537,This is a long content for post number 537.
user_538,user538@example.com,Post Title 538,This is a long content for post number 538.
user_539,user539@example.com,Post Title 539,This is a long content for post number 539.
user_540,user540@example.com,Post Title 540,This is a long content for post number 540.
user_541,user541@example.com,Post Title 541,This is a long content for post number 541.
user_542,user542@example.com,Post Title 542,This is a long content for post number 542.
user_543,user543@example.com,Post Title 543,This is a long content for post number 543.
user_544,user544@example.com,Post Title 544,This is a long content for post number 544.
user_545,user545@example.com,Post Title 545,This is a long content for post number 545.
user_546,user546@example.com,Post Title 546,This is a long content for post number 546.
user_547,user547@example.com,Post Title 547,This is a long content for post number 547.
user_548,user548@example.com,Post Title 548,This is a long content for post number 548.
user_549,user549@example.com,Post Title 549,This is a long content for post number 549.
user_550,user550@example.com,Post Title 550,This is a long content for post number 550.
user_551,user551@example.com,Post Title 551,This is a long content for post number 551.
user_552,user552@example.com,Post Title 552,This is a long content for post number 552.
user_553,user553@example.com,Post Title 553,This is a long content for post number 553.
user_554,user554@example.com,Post Title 554,This is a long content for post number 554.
user_555,user555@example.com,Post Title 555,This is a long content for post number 555.
user_556,user556@example.com,Post Title 556,This is a long content for post number 556.
user_557,user557@example.com,Post Title 557,This is a long content for post number 557.
user_558,user558@example.com,Post Title 558,This is a long content for post number 558.
user_559,user559@example.com,Post Title 559,This is a long content for post number 559.
user_560,user560@example.com,Post Title 560,This is a long content for post number 560.
user_561,user561@example.com,Post Title 561,This is a long content for post number 561.
user_562,user562@example.com,Post Title 562,This is a long content for post number 562.
user_563,user563@example.com,Post Title 563,This is a long content for post number 563.
user_564,user564@example.com,Post Title 564,This is a long content for post number 564.
user_565,user565@example.com,Post Title 565,This is a long content for post number 565.
user_566,user566@example.com,Post Title 566,This is a long content for post number 566.
user_567,user567@example.com,Post Title 567,This is a long content for post number 567.
user_568,user568@example.com,Post Title 568,This is a long content for post number 568.
user_569,user569@example.com,Post Title 569,This is a long content for post number 569.
user_570,user570@example.com,Post Title 570,This is a long content for post number 570.
user_571,user571@example.com,Post Title 571,This is a long content for post number 571.
user_572,user572@example.com,Post Title 572,This is a long content for post number 572.
user_573,user573@example.com,Post Title 573,This is a long content for post number 573.
user_574,user574@example.com,Post Title 574,This is a long content for post number 574.
user_575,user575@example.com,Post Title 575,This is a long content for post number 575.
user_576,user576@example.com,Post Title 576,This is a long content for post number 576.
user_577,user577@example.com,Post Title 577,This is a long content for post number 577.
user_578,user578@example.com,Post Title 578,This is a long content for post number 578.
user_579,user579@example.com,Post Title 579,This is a long content for post number 579.
user_580,user580@example.com,Post Title 580,This is a long content for post number 580.
user_581,user581@example.com,Post Title 581,This is a long content for post number 581.
user_582,user582@example.com,Post Title 582,This is a long content for post number 582.
user_583,user583@example.com,Post Title 583,This is a long content for post number 583.
user_584,user584@example.com,Post Title 584,This is a long content for post number 584.
user_585,user585@example.com,Post Title 585,This is a long content for post number 585.
user_586,user586@example.com,Post Title 586,This is a long content for post number 586.
user_587,user587@example.com,Post Title 587,This is a long content for post number 587.
user_588,user588@example.com,Post Title 588,This is a long content for post number 588.
user_589,user589@example.com,Post Title 589,This is a long content for post number 589.
user_590,user590@example.com,Post Title 590,This is a long content for post number 590.
user_591,user591@example.com,Post Title 591,This is a long content for post number 591.
user_592,user592@example.com,Post Title 592,This is a long content for post number 592.
user_593,user593@example.com,Post Title 593,This is a long content for post number 593.
user_594,user594@example.com,Post Title 594,This is a long content for post number 594.
user_595,user595@example.com,Post Title 595,This is a long content for post number 595.
user_596,user596@example.com,Post Title 596,This is a long content for post number 596.
user_597,user597@example.com,Post Title 597,This is a long content for post number 597.
user_598,user598@example.com,Post Title 598,This is a long content for post number 598.
user_599,user599@example.com,Post Title 599,This is a long content for post number 599.
user_600,user600@example.com,Post Title 600,This is a long content for post number 600.
user_601,user601@example.com,Post Title 601,This is a long content for post number 601.
user_602,user602@example.com,Post Title 602,This is a long content for post number 602.
user_603,user603@example.com,Post Title 603,This is a long content for post number 603.
user_604,user604@example.com,Post Title 604,This is a long content for post number 604.
user_605,user605@example.com,Post Title 605,This is a long content for post number 605.
user_606,user606@example.com,Post Title 606,This is a long content for post number 606.
user_607,user607@example.com,Post Title 607,This is a long content for post number 607.
user_608,user608@example.com,Post Title 608,This is a long content for post number 608.
user_609,user609@example.com,Post Title 609,This is a long content for post number 609.
user_610,user610@example.com,Post Title 610,This is a long content for post number 610.
user_611,user611@example.com,Post Title 611,This is a long content for post number 611.
user_612,user612@example.com,Post Title 612,This is a long content for post number 612.
user_613,user613@example.com,Post Title 613,This is a long content for post number 613.
user_614,user614@example.com,Post Title 614,This is a long content for post number 614.
user_615,user615@example.com,Post Title 615,This is a long content for post number 615.
user_616,user616@example.com,Post Title 616,This is a long content for post number 616.
user_617,user617@example.com,Post Title 617,This is a long content for post number 617.
user_618,user618@example.com,Post Title 618,This is a long content for post number 618.
user_619,user619@example.com,Post Title 619,This is a long content for post number 619.
user_620,user620@example.com,Post Title 620,This is a long content for post number 620.
user_621,user621@example.com,Post Title 621,This is a long content for post number 621.
user_622,user622@example.com,Post Title 622,This is a long content for post number 622.
user_623,user623@example.com,Post Title 623,This is a long content for post number 623.
user_624,user624@example.com,Post Title 624,This is a long content for post number 624.
user_625,user625@example.com,Post Title 625,This is a long content for post number 625.
user_626,user626@example.com,Post Title 626,This is a long content for post number 626.
user_627,user627@example.com,Post Title 627,This is a long content for post number 627.
user_628,user628@example.com,Post Title 628,This is a long content for post number 628.
user_629,user629@example.com,Post Title 629,This is a long content for post number 629.
user_630,user630@example.com,Post Title 630,This is a long content for post number 630.
user_631,user631@example.com,Post Title 631,This is a long content for post number 631.
user_632,user632@example.com,Post Title 632,This is a long content for post number 632.
user_633,user633@example.com,Post Title 633,This is a long content for post number 633.
user_634,user634@example.com,Post Title 634,This is a long content for post number 634.
user_635,user635@example.com,Post Title 635,This is a long content for post number 635.
user_636,user636@example.com,Post Title 636,This is a long content for post number 636.
user_637,user637@example.com,Post Title 637,This is a long content for post number 637.
user_638,user638@example.com,Post Title 638,This is a long content for post number 638.
user_639,user639@example.com,Post Title 639,This is a long content for post number 639.
user_640,user640@example.com,Post Title 640,This is a long content for post number 640.
user_641,user641@example.com,Post Title 641,This is a long content for post number 641.
user_642,user642@example.com,Post Title 642,This is a long content for post number 642.
user_643,user643@example.com,Post Title 643,This is a long content for post number 643.
user_644,user644@example.com,Post Title 644,This is a long content for post number 644.
user_645,user645@example.com,Post Title 645,This is a long content for post number 645.
user_646,user646@example.com,Post Title 646,This is a long content for post number 646.
user_647,user647@example.com,Post Title 647,This is a long content for post number 647.
user_648,user648@example.com,Post Title 648,This is a long content for post number 648.
user_649,user649@example.com,Post Title 649,This is a long content for post number 649.
user_650,user650@example.com,Post Title 650,This is a long content for post number 650.
user_651,user651@example.com,Post Title 651,This is a long content for post number 651.
user_652,user652@example.com,Post Title 652,This is a long content for post number 652.
user_653,user653@example.com,Post Title 653,This is a long content for post number 653.
user_654,user654@example.com,Post Title 654,This is a long content for post number 654.
user_655,user655@example.com,Post Title 655,This is a long content for post number 655.
user_656,user656@example.com,Post Title 656,This is a long content for post number 656.
user_657,user657@example.com,Post Title 657,This is a long content for post number 657.
user_658,user658@example.com,Post Title 658,This is a long content for post number 658.
user_659,user659@example.com,Post Title 659,This is a long content for post number 659.
user_660,user660@example.com,Post Title 660,This is a long content for post number 660.
user_661,user661@example.com,Post Title 661,This is a long content for post number 661.
user_662,user662@example.com,Post Title 662,This is a long content for post number 662.
user_663,user663@example.com,Post Title 663,This is a long content for post number 663.
user_664,user664@example.com,Post Title 664,This is a long content for post number 664.
user_665,user665@example.com,Post Title 665,This is a long content for post number 665.
user_666,user666@example.com,Post Title 666,This is a long content for post number 666.
user_667,user667@example.com,Post Title 667,This is a long content for post number 667.
user_668,user668@example.com,Post Title 668,This is a long content for post number 668.
user_669,user669@example.com,Post Title 669,This is a long content for post number 669.
user_670,user670@example.com,Post Title 670,This is a long content for post number 670.
user_671,user671@example.com,Post Title 671,This is a long content for post number 671.
user_672,user672@example.com,Post Title 672,This is a long content for post number 672.
user_673,user673@example.com,Post Title 673,This is a long content for post number 673.
user_674,user674@example.com,Post Title 674,This is a long content for post number 674.
user_675,user675@example.com,Post Title 675,This is a long content for post number 675.
user_676,user676@example.com,Post Title 676,This is a long content for post number 676.
user_677,user677@example.com,Post Title 677,This is a long content for post number 677.
user_678,user678@example.com,Post Title 678,This is a long content for post number 678.
user_679,user679@example.com,Post Title 679,This is a long content for post number 679.
user_680,user680@example.com,Post Title 680,This is a long content for post number 680.
user_681,user681@example.com,Post Title 681,This is a long content for post number 681.
user_682,user682@example.com,Post Title 682,This is a long content for post number 682.
user_683,user683@example.com,Post Title 683,This is a long content for post number 683.
user_684,user684@example.com,Post Title 684,This is a long content for post number 684.
user_685,user685@example.com,Post Title 685,This is a long content for post number 685.
user_686,user686@example.com,Post Title 686,This is a long content for post number 686.
user_687,user687@example.com,Post Title 687,This is a long content for post number 687.
user_688,user688@example.com,Post Title 688,This is a long content for post number 688.
user_689,user689@example.com,Post Title 689,This is a long content for post number 689.
user_690,user690@example.com,Post Title 690,This is a long content for post number 690.
user_691,user691@example.com,Post Title 691,This is a long content for post number 691.
user_692,user692@example.com,Post Title 692,This is a long content for post number 692.
user_693,user693@example.com,Post Title 693,This is a long content for post number 693.
user_694,user694@example.com,Post Title 694,This is a long content for post number 694.
user_695,user695@example.com,Post Title 695,This is a long content for post number 695.
user_696,user696@example.com,Post Title 696,This is a long content for post number 696.
user_697,user697@example.com,Post Title 697,This is a long content for post number 697.
user_698,user698@example.com,Post Title 698,This is a long content for post number 698.
user_699,user699@example.com,Post Title 699,This is a long content for post number 699.
user_700,user700@example.com,Post Title 700,This is a long content for post number 700.
user_701,user701@example.com,Post Title 701,This is a long content for post number 701.
user_702,user702@example.com,Post Title 702,This is a long content for post number 702.
user_703,user703@example.com,Post Title 703,This is a long content for post number 703.
user_704,user704@example.com,Post Title 704,This is a long content for post number 704.
user_705,user705@example.com,Post Title 705,This is a long content for post number 705.
user_706,user706@example.com,Post Title 706,This is a long content for post number 706.
user_707,user707@example.com,Post Title 707,This is a long content for post number 707.
user_708,user708@example.com,Post Title 708,This is a long content for post number 708.
user_709,user709@example.com,Post Title 709,This is a long content for post number 709.
user_710,user710@example.com,Post Title 710,This is a long content for post number 710.
user_711,user711@example.com,Post Title 711,This is a long content for post number 711.
user_712,user712@example.com,Post Title 712,This is a long content for post number 712.
user_713,user713@example.com,Post Title 713,This is a long content for post number 713.
user_714,user714@example.com,Post Title 714,This is a long content for post number 714.
user_715,user715@example.com,Post Title 715,This is a long content for post number 715.
user_716,user716@example.com,Post Title 716,This is a long content for post number 716.
user_717,user717@example.com,Post Title 717,This is a long content for post number 717.
user_718,user718@example.com,Post Title 718,This is a long content for post number 718.
user_719,user719@example.com,Post Title 719,This is a long content for post number 719.
user_720,user720@example.com,Post Title 720,This is a long content for post number 720.
user_721,user721@example.com,Post Title 721,This is a long content for post number 721.
user_722,user722@example.com,Post Title 722,This is a long content for post number 722.
user_723,user723@example.com,Post Title 723,This is a long content for post number 723.
user_724,user724@example.com,Post Title 724,This is a long content for post number 724.
user_725,user725@example.com,Post Title 725,This is a long content for post number 725.
user_726,user726@example.com,Post Title 726,This is a long content for post number 726.
user_727,user727@example.com,Post Title 727,This is a long content for post number 727.
user_728,user728@example.com,Post Title 728,This is a long content for post number 728.
user_729,user729@example.com,Post Title 729,This is a long content for post number 729.
user_730,user730@example.com,Post Title 730,This is a long content for post number 730.
user_731,user731@example.com,Post Title 731,This is a long content for post number 731.
user_732,user732@example.com,Post Title 732,This is a long content for post number 732.
user_733,user733@example.com,Post Title 733,This is a long content for post number 733.
user_734,user734@example.com,Post Title 734,This is a long content for post number 734.
user_735,user735@example.com,Post Title 735,This is a long content for post number 735.
user_736,user736@example.com,Post Title 736,This is a long content for post number 736.
user_737,user737@example.com,Post Title 737,This is a long content for post number 737.
user_738,user738@example.com,Post Title 738,This is a long content for post number 738.
user_739,user739@example.com,Post Title 739,This is a long content for post number 739.
user_740,user740@example.com,Post Title 740,This is a long content for post number 740.
user_741,user741@example.com,Post Title 741,This is a long content for post number 741.
user_742,user742@example.com,Post Title 742,This is a long content for post number 742.
user_743,user743@example.com,Post Title 743,This is a long content for post number 743.
user_744,user744@example.com,Post Title 744,This is a long content for post number 744.
user_745,user745@example.com,Post Title 745,This is a long content for post number 745.
user_746,user746@example.com,Post Title 746,This is a long content for post number 746.
user_747,user747@example.com,Post Title 747,This is a long content for post number 747.
user_748,user748@example.com,Post Title 748,This is a long content for post number 748.
user_749,user749@example.com,Post Title 749,This is a long content for post number 749.
user_750,user750@example.com,Post Title 750,This is a long content for post number 750.
user_751,user751@example.com,Post Title 751,This is a long content for post number 751.
user_752,user752@example.com,Post Title 752,This is a long content for post number 752.
user_753,user753@example.com,Post Title 753,This is a long content for post number 753.
user_754,user754@example.com,Post Title 754,This is a long content for post number 754.
user_755,user755@example.com,Post Title 755,This is a long content for post number 755.
user_756,user756@example.com,Post Title 756,This is a long content for post number 756.
user_757,user757@example.com,Post Title 757,This is a long content for post number 757.
user_758,user758@example.com,Post Title 758,This is a long content for post number 758.
user_759,user759@example.com,Post Title 759,This is a long content for post number 759.
user_760,user760@example.com,Post Title 760,This is a long content for post number 760.
user_761,user761@example.com,Post Title 761,This is a long content for post number 761.
user_762,user762@example.com,Post Title 762,This is a long content for post number 762.
user_763,user763@example.com,Post Title 763,This is a long content for post number 763.
user_764,user764@example.com,Post Title 764,This is a long content for post number 764.
user_765,user765@example.com,Post Title 765,This is a long content for post number 765.
user_766,user766@example.com,Post Title 766,This is a long content for post number 766.
user_767,user767@example.com,Post Title 767,This is a long content for post number 767.
user_768,user768@example.com,Post Title 768,This is a long content for post number 768.
user_769,user769@example.com,Post Title 769,This is a long content for post number 769.
user_770,user770@example.com,Post Title 770,This is a long content for post number 770.
user_771,user771@example.com,Post Title 771,This is a long content for post number 771.
user_772,user772@example.com,Post Title 772,This is a long content for post number 772.
user_773,user773@example.com,Post Title 773,This is a long content for post number 773.
user_774,user774@example.com,Post Title 774,This is a long content for post number 774.
user_775,user775@example.com,Post Title 775,This is a long content for post number 775.
user_776,user776@example.com,Post Title 776,This is a long content for post number 776.
user_777,user777@example.com,Post Title 777,This is a long content for post number 777.
user_778,user778@example.com,Post Title 778,This is a long content for post number 778.
user_779,user779@example.com,Post Title 779,This is a long content for post number 779.
user_780,user780@example.com,Post Title 780,This is a long content for post number 780.
user_781,user781@example.com,Post Title 781,This is a long content for post number 781.
user_782,user782@example.com,Post Title 782,This is a long content for post number 782.
user_783,user783@example.com,Post Title 783,This is a long content for post number 783.
user_784,user784@example.com,Post Title 784,This is a long content for post number 784.
user_785,user785@example.com,Post Title 785,This is a long content for post number 785.
user_786,user786@example.com,Post Title 786,This is a long content for post number 786.
user_787,user787@example.com,Post Title 787,This is a long content for post number 787.
user_788,user788@example.com,Post Title 788,This is a long content for post number 788.
user_789,user789@example.com,Post Title 789,This is a long content for post number 789.
user_790,user790@example.com,Post Title 790,This is a long content for post number 790.
user_791,user791@example.com,Post Title 791,This is a long content for post number 791.
user_792,user792@example.com,Post Title 792,This is a long content for post number 792.
user_793,user793@example.com,Post Title 793,This is a long content for post number 793.
user_794,user794@example.com,Post Title 794,This is a long content for post number 794.
user_795,user795@example.com,Post Title 795,This is a long content for post number 795.
user_796,user796@example.com,Post Title 796,This is a long content for post number 796.
user_797,user797@example.com,Post Title 797,This is a long content for post number 797.
user_798,user798@example.com,Post Title 798,This is a long content for post number 798.
user_799,user799@example.com,Post Title 799,This is a long content for post number 799.
user_800,user800@example.com,Post Title 800,This is a long content for post number 800.
user_801,user801@example.com,Post Title 801,This is a long content for post number 801.
user_802,user802@example.com,Post Title 802,This is a long content for post number 802.
user_803,user803@example.com,Post Title 803,This is a long content for post number 803.
user_804,user804@example.com,Post Title 804,This is a long content for post number 804.
user_805,user805@example.com,Post Title 805,This is a long content for post number 805.
user_806,user806@example.com,Post Title 806,This is a long content for post number 806.
user_807,user807@example.com,Post Title 807,This is a long content for post number 807.
user_808,user808@example.com,Post Title 808,This is a long content for post number 808.
user_809,user809@example.com,Post Title 809,This is a long content for post number 809.
user_810,user810@example.com,Post Title 810,This is a long content for post number 810.
user_811,user811@example.com,Post Title 811,This is a long content for post number 811.
user_812,user812@example.com,Post Title 812,This is a long content for post number 812.
user_813,user813@example.com,Post Title 813,This is a long content for post number 813.
user_814,user814@example.com,Post Title 814,This is a long content for post number 814.
user_815,user815@example.com,Post Title 815,This is a long content for post number 815.
user_816,user816@example.com,Post Title 816,This is a long content for post number 816.
user_817,user817@example.com,Post Title 817,This is a long content for post number 817.
user_818,user818@example.com,Post Title 818,This is a long content for post number 818.
user_819,user819@example.com,Post Title 819,This is a long content for post number 819.
user_820,user820@example.com,Post Title 820,This is a long content for post number 820.
user_821,user821@example.com,Post Title 821,This is a long content for post number 821.
user_822,user822@example.com,Post Title 822,This is a long content for post number 822.
user_823,user823@example.com,Post Title 823,This is a long content for post number 823.
user_824,user824@example.com,Post Title 824,This is a long content for post number 824.
user_825,user825@example.com,Post Title 825,This is a long content for post number 825.
user_826,user826@example.com,Post Title 826,This is a long content for post number 826.
user_827,user827@example.com,Post Title 827,This is a long content for post number 827.
user_828,user828@example.com,Post Title 828,This is a long content for post number 828.
user_829,user829@example.com,Post Title 829,This is a long content for post number 829.
user_830,user830@example.com,Post Title 830,This is a long content for post number 830.
user_831,user831@example.com,Post Title 831,This is a long content for post number 831.
user_832,user832@example.com,Post Title 832,This is a long content for post number 832.
user_833,user833@example.com,Post Title 833,This is a long content for post number 833.
user_834,user834@example.com,Post Title 834,This is a long content for post number 834.
user_835,user835@example.com,Post Title 835,This is a long content for post number 835.
user_836,user836@example.com,Post Title 836,This is a long content for post number 836.
user_837,user837@example.com,Post Title 837,This is a long content for post number 837.
user_838,user838@example.com,Post Title 838,This is a long content for post number 838.
user_839,user839@example.com,Post Title 839,This is a long content for post number 839.
user_840,user840@example.com,Post Title 840,This is a long content for post number 840.
user_841,user841@example.com,Post Title 841,This is a long content for post number 841.
user_842,user842@example.com,Post Title 842,This is a long content for post number 842.
user_843,user843@example.com,Post Title 843,This is a long content for post number 843.
user_844,user844@example.com,Post Title 844,This is a long content for post number 844.
user_845,user845@example.com,Post Title 845,This is a long content for post number 845.
user_846,user846@example.com,Post Title 846,This is a long content for post number 846.
user_847,user847@example.com,Post Title 847,This is a long content for post number 847.
user_848,user848@example.com,Post Title 848,This is a long content for post number 848.
user_849,user849@example.com,Post Title 849,This is a long content for post number 849.
user_850,user850@example.com,Post Title 850,This is a long content for post number 850.
user_851,user851@example.com,Post Title 851,This is a long content for post number 851.
user_852,user852@example.com,Post Title 852,This is a long content for post number 852.
user_853,user853@example.com,Post Title 853,This is a long content for post number 853.
user_854,user854@example.com,Post Title 854,This is a long content for post number 854.
user_855,user855@example.com,Post Title 855,This is a long content for post number 855.
user_856,user856@example.com,Post Title 856,This is a long content for post number 856.
user_857,user857@example.com,Post Title 857,This is a long content for post number 857.
user_858,user858@example.com,Post Title 858,This is a long content for post number 858.
user_859,user859@example.com,Post Title 859,This is a long content for post number 859.
user_860,user860@example.com,Post Title 860,This is a long content for post number 860.
user_861,user861@example.com,Post Title 861,This is a long content for post number 861.
user_862,user862@example.com,Post Title 862,This is a long content for post number 862.
user_863,user863@example.com,Post Title 863,This is a long content for post number 863.
user_864,user864@example.com,Post Title 864,This is a long content for post number 864.
user_865,user865@example.com,Post Title 865,This is a long content for post number 865.
user_866,user866@example.com,Post Title 866,This is a long content for post number 866.
user_867,user867@example.com,Post Title 867,This is a long content for post number 867.
user_868,user868@example.com,Post Title 868,This is a long content for post number 868.
user_869,user869@example.com,Post Title 869,This is a long content for post number 869.
user_870,user870@example.com,Post Title 870,This is a long content for post number 870.
user_871,user871@example.com,Post Title 871,This is a long content for post number 871.
user_872,user872@example.com,Post Title 872,This is a long content for post number 872.
user_873,user873@example.com,Post Title 873,This is a long content for post number 873.
user_874,user874@example.com,Post Title 874,This is a long content for post number 874.
user_875,user875@example.com,Post Title 875,This is a long content for post number 875.
user_876,user876@example.com,Post Title 876,This is a long content for post number 876.
user_877,user877@example.com,Post Title 877,This is a long content for post number 877.
user_878,user878@example.com,Post Title 878,This is a long content for post number 878.
user_879,user879@example.com,Post Title 879,This is a long content for post number 879.
user_880,user880@example.com,Post Title 880,This is a long content for post number 880.
user_881,user881@example.com,Post Title 881,This is a long content for post number 881.
user_882,user882@example.com,Post Title 882,This is a long content for post number 882.
user_883,user883@example.com,Post Title 883,This is a long content for post number 883.
user_884,user884@example.com,Post Title 884,This is a long content for post number 884.
user_885,user885@example.com,Post Title 885,This is a long content for post number 885.
user_886,user886@example.com,Post Title 886,This is a long content for post number 886.
user_887,user887@example.com,Post Title 887,This is a long content for post number 887.
user_888,user888@example.com,Post Title 888,This is a long content for post number 888.
user_889,user889@example.com,Post Title 889,This is a long content for post number 889.
user_890,user890@example.com,Post Title 890,This is a long content for post number 890.
user_891,user891@example.com,Post Title 891,This is a long content for post number 891.
user_892,user892@example.com,Post Title 892,This is a long content for post number 892.
user_893,user893@example.com,Post Title 893,This is a long content for post number 893.
user_894,user894@example.com,Post Title 894,This is a long content for post number 894.
user_895,user895@example.com,Post Title 895,This is a long content for post number 895.
user_896,user896@example.com,Post Title 896,This is a long content for post number 896.
user_897,user897@example.com,Post Title 897,This is a long content for post number 897.
user_898,user898@example.com,Post Title 898,This is a long content for post number 898.
user_899,user899@example.com,Post Title 899,This is a long content for post number 899.
user_900,user900@example.com,Post Title 900,This is a long content for post number 900.
user_901,user901@example.com,Post Title 901,This is a long content for post number 901.
user_902,user902@example.com,Post Title 902,This is a long content for post number 902.
user_903,user903@example.com,Post Title 903,This is a long content for post number 903.
user_904,user904@example.com,Post Title 904,This is a long content for post number 904.
user_905,user905@example.com,Post Title 905,This is a long content for post number 905.
user_906,user906@example.com,Post Title 906,This is a long content for post number 906.
user_907,user907@example.com,Post Title 907,This is a long content for post number 907.
user_908,user908@example.com,Post Title 908,This is a long content for post number 908.
user_909,user909@example.com,Post Title 909,This is a long content for post number 909.
user_910,user910@example.com,Post Title 910,This is a long content for post number 910.
user_911,user911@example.com,Post Title 911,This is a long content for post number 911.
user_912,user912@example.com,Post Title 912,This is a long content for post number 912.
user_913,user913@example.com,Post Title 913,This is a long content for post number 913.
user_914,user914@example.com,Post Title 914,This is a long content for post number 914.
user_915,user915@example.com,Post Title 915,This is a long content for post number 915.
user_916,user916@example.com,Post Title 916,This is a long content for post number 916.
user_917,user917@example.com,Post Title 917,This is a long content for post number 917.
user_918,user918@example.com,Post Title 918,This is a long content for post number 918.
user_919,user919@example.com,Post Title 919,This is a long content for post number 919.
user_920,user920@example.com,Post Title 920,This is a long content for post number 920.
user_921,user921@example.com,Post Title 921,This is a long content for post number 921.
user_922,user922@example.com,Post Title 922,This is a long content for post number 922.
user_923,user923@example.com,Post Title 923,This is a long content for post number 923.
user_924,user924@example.com,Post Title 924,This is a long content for post number 924.
user_925,user925@example.com,Post Title 925,This is a long content for post number 925.
user_926,user926@example.com,Post Title 926,This is a long content for post number 926.
user_927,user927@example.com,Post Title 927,This is a long content for post number 927.
user_928,user928@example.com,Post Title 928,This is a long content for post number 928.
user_929,user929@example.com,Post Title 929,This is a long content for post number 929.
user_930,user930@example.com,Post Title 930,This is a long content for post number 930.
user_931,user931@example.com,Post Title 931,This is a long content for post number 931.
user_932,user932@example.com,Post Title 932,This is a long content for post number 932.
user_933,user933@example.com,Post Title 933,This is a long content for post number 933.
user_934,user934@example.com,Post Title 934,This is a long content for post number 934.
user_935,user935@example.com,Post Title 935,This is a long content for post number 935.
user_936,user936@example.com,Post Title 936,This is a long content for post number 936.
user_937,user937@example.com,Post Title 937,This is a long content for post number 937.
user_938,user938@example.com,Post Title 938,This is a long content for post number 938.
user_939,user939@example.com,Post Title 939,This is a long content for post number 939.
user_940,user940@example.com,Post Title 940,This is a long content for post number 940.
user_941,user941@example.com,Post Title 941,This is a long content for post number 941.
user_942,user942@example.com,Post Title 942,This is a long content for post number 942.
user_943,user943@example.com,Post Title 943,This is a long content for post number 943.
user_944,user944@example.com,Post Title 944,This is a long content for post number 944.
user_945,user945@example.com,Post Title 945,This is a long content for post number 945.
user_946,user946@example.com,Post Title 946,This is a long content for post number 946.
user_947,user947@example.com,Post Title 947,This is a long content for post number 947.
user_948,user948@example.com,Post Title 948,This is a long content for post number 948.
user_949,user949@example.com,Post Title 949,This is a long content for post number 949.
user_950,user950@example.com,Post Title 950,This is a long content for post number 950.
user_951,user951@example.com,Post Title 951,This is a long content for post number 951.
user_952,user952@example.com,Post Title 952,This is a long content for post number 952.
user_953,user953@example.com,Post Title 953,This is a long content for post number 953.
user_954,user954@example.com,Post Title 954,This is a long content for post number 954.
user_955,user955@example.com,Post Title 955,This is a long content for post number 955.
user_956,user956@example.com,Post Title 956,This is a long content for post number 956.
user_957,user957@example.com,Post Title 957,This is a long content for post number 957.
user_958,user958@example.com,Post Title 958,This is a long content for post number 958.
user_959,user959@example.com,Post Title 959,This is a long content for post number 959.
user_960,user960@example.com,Post Title 960,This is a long content for post number 960.
user_961,user961@example.com,Post Title 961,This is a long content for post number 961.
user_962,user962@example.com,Post Title 962,This is a long content for post number 962.
user_963,user963@example.com,Post Title 963,This is a long content for post number 963.
user_964,user964@example.com,Post Title 964,This is a long content for post number 964.
user_965,user965@example.com,Post Title 965,This is a long content for post number 965.
user_966,user966@example.com,Post Title 966,This is a long content for post number 966.
user_967,user967@example.com,Post Title 967,This is a long content for post number 967.
user_968,user968@example.com,Post Title 968,This is a long content for post number 968.
user_969,user969@example.com,Post Title 969,This is a long content for post number 969.
user_970,user970@example.com,Post Title 970,This is a long content for post number 970.
user_971,user971@example.com,Post Title 971,This is a long content for post number 971.
user_972,user972@example.com,Post Title 972,This is a long content for post number 972.
user_973,user973@example.com,Post Title 973,This is a long content for post number 973.
user_974,user974@example.com,Post Title 974,This is a long content for post number 974.
user_975,user975@example.com,Post Title 975,This is a long content for post number 975.
user_976,user976@example.com,Post Title 976,This is a long content for post number 976.
user_977,user977@example.com,Post Title 977,This is a long content for post number 977.
user_978,user978@example.com,Post Title 978,This is a long content for post number 978.
user_979,user979@example.com,Post Title 979,This is a long content for post number 979.
user_980,user980@example.com,Post Title 980,This is a long content for post number 980.
user_981,user981@example.com,Post Title 981,This is a long content for post number 981.
user_982,user982@example.com,Post Title 982,This is a long content for post number 982.
user_983,user983@example.com,Post Title 983,This is a long content for post number 983.
user_984,user984@example.com,Post Title 984,This is a long content for post number 984.
user_985,user985@example.com,Post Title 985,This is a long content for post number 985.
user_986,user986@example.com,Post Title 986,This is a long content for post number 986.
user_987,user987@example.com,Post Title 987,This is a long content for post number 987.
user_988,user988@example.com,Post Title 988,This is a long content for post number 988.
user_989,user989@example.com,Post Title 989,This is a long content for post number 989.
user_990,user990@example.com,Post Title 990,This is a long content for post number 990.
user_991,user991@example.com,Post Title 991,This is a long content for post number 991.
user_992,user992@example.com,Post Title 992,This is a long content for post number 992.
user_993,user993@example.com,Post Title 993,This is a long content for post number 993.
user_994,user994@example.com,Post Title 994,This is a long content for post number 994.
user_995,user995@example.com,Post Title 995,This is a long content for post number 995.
user_996,user996@example.com,Post Title 996,This is a long content for post number 996.
user_997,user997@example.com,Post Title 997,This is a long content for post number 997.
user_998,user998@example.com,Post Title 998,This is a long content for post number 998.
user_999,user999@example.com,Post Title 999,This is a long content for post number 999.
user_1000,user1000@example.com,Post Title 1000,This is a long content for post number 1000.
user_1001,user1001@example.com,Post Title 1001,This is a long content for post number 1001.
user_1002,user1002@example.com,Post Title 1002,This is a long content for post number 1002.
user_1003,user1003@example.com,Post Title 1003,This is a long content for post number 1003.
user_1004,user1004@example.com,Post Title 1004,This is a long content for post number 1004.
user_1005,user1005@example.com,Post Title 1005,This is a long content for post number 1005.
user_1006,user1006@example.com,Post Title 1006,This is a long content for post number 1006.
user_1007,user1007@example.com,Post Title 1007,This is a long content for post number 1007.
user_1008,user1008@example.com,Post Title 1008,This is a long content for post number 1008.
user_1009,user1009@example.com,Post Title 1009,This is a long content for post number 1009.
user_1010,user1010@example.com,Post Title 1010,This is a long content for post number 1010.
user_1011,user1011@example.com,Post Title 1011,This is a long content for post number 1011.
user_1012,user1012@example.com,Post Title 1012,This is a long content for post number 1012.
user_1013,user1013@example.com,Post Title 1013,This is a long content for post number 1013.
user_1014,user1014@example.com,Post Title 1014,This is a long content for post number 1014.
user_1015,user1015@example.com,Post Title 1015,This is a long content for post number 1015.
user_1016,user1016@example.com,Post Title 1016,This is a long content for post number 1016.
user_1017,user1017@example.com,Post Title 1017,This is a long content for post number 1017.
user_1018,user1018@example.com,Post Title 1018,This is a long content for post number 1018.
user_1019,user1019@example.com,Post Title 1019,This is a long content for post number 1019.
user_1020,user1020@example.com,Post Title 1020,This is a long content for post number 1020.
user_1021,user1021@example.com,Post Title 1021,This is a long content for post number 1021.
user_1022,user1022@example.com,Post Title 1022,This is a long content for post number 1022.
user_1023,user1023@example.com,Post Title 1023,This is a long content for post number 1023.
user_1024,user1024@example.com,Post Title 1024,This is a long content for post number 1024.
user_1025,user1025@example.com,Post Title 1025,This is a long content for post number 1025.
user_1026,user1026@example.com,Post Title 1026,This is a long content for post number 1026.
user_1027,user1027@example.com,Post Title 1027,This is a long content for post number 1027.
user_1028,user1028@example.com,Post Title 1028,This is a long content for post number 1028.
user_1029,user1029@example.com,Post Title 1029,This is a long content for post number 1029.
user_1030,user1030@example.com,Post Title 1030,This is a long content for post number 1030.
user_1031,user1031@example.com,Post Title 1031,This is a long content for post number 1031.
user_1032,user1032@example.com,Post Title 1032,This is a long content for post number 1032.
user_1033,user1033@example.com,Post Title 1033,This is a long content for post number 1033.
user_1034,user1034@example.com,Post Title 1034,This is a long content for post number 1034.
user_1035,user1035@example.com,Post Title 1035,This is a long content for post number 1035.
user_1036,user1036@example.com,Post Title 1036,This is a long content for post number 1036.
user_1037,user1037@example.com,Post Title 1037,This is a long content for post number 1037.
user_1038,user1038@example.com,Post Title 1038,This is a long content for post number 1038.
user_1039,user1039@example.com,Post Title 1039,This is a long content for post number 1039.
user_1040,user1040@example.com,Post Title 1040,This is a long content for post number 1040.
user_1041,user1041@example.com,Post Title 1041,This is a long content for post number 1041.
user_1042,user1042@example.com,Post Title 1042,This is a long content for post number 1042.
user_1043,user1043@example.com,Post Title 1043,This is a long content for post number 1043.
user_1044,user1044@example.com,Post Title 1044,This is a long content for post number 1044.
user_1045,user1045@example.com,Post Title 1045,This is a long content for post number 1045.
user_1046,user1046@example.com,Post Title 1046,This is a long content for post number 1046.
user_1047,user1047@example.com,Post Title 1047,This is a long content for post number 1047.
user_1048,user1048@example.com,Post Title 1048,This is a long content for post number 1048.
user_1049,user1049@example.com,Post Title 1049,This is a long content for post number 1049.
